claim_id,doc_id,doc_title,doc_date,doc_url,category,matched_term,surface_form,sentence,context_before,context_after,category_correct,is_securitising,securitisation_type,referent_object,threat_actor,extraordinary_measure,confidence,coder_notes,human_category_correct,human_is_securitising,human_securitisation_type,human_confidence,human_notes
8821,d137d9236df2,"Виступ Президента й першої леді України перед представниками урядових і ділових кіл США, пресою та українською громадою",2023-09-19,https://www.president.gov.ua/news/vistup-prezidenta-j-pershoyi-ledi-ukrayini-pered-predstavnik-85817,ontological_security,духовний,духовному,"Щира подяка всім , хто бореться разом із нами в духовному вимірі й вимірі цінностей .",Тому це ще й духовна битва .,Я маю честь бути особисто знайомою з архиєпископом Борисом Гудзяком .,yes,yes,ontological,identity,Russia,none,medium,Thanks those fighting 'in the spiritual dimension and dimension of values'. Ontological securitisation framing.,,,,,
4870,72c6ae74b540,Ми гарантуємо Україні духовну незалежність – звернення Президента Володимира Зеленського,2022-12-01,https://www.president.gov.ua/news/mi-garantuyemo-ukrayini-duhovnu-nezalezhnist-zvernennya-prez-79577,decolonisation,незалежність,незалежність,Цими та іншими рішеннями ми гарантуємо Україні духовну незалежність .,"Відбудеться реформа цієї структури , яка дасть їй змогу реально захищати права та законні інтереси українців і держави .",Хочу підкреслити : у 1991 році наша держава стала саме на законний і демократичний шлях .,yes,yes,ontological,nation,Moscow_Patriarchate,ban,high,Summary statement: 'With these decisions we guarantee Ukraine spiritual independence.' Links NSDC extraordinary measures to ontological security.,,,,,
1092,1cab7f32ecd4,"Ми маємо не допустити, щоб хтось у світі засумнівався у стійкості всієї України – Щорічне Послання Президента до Верховної Ради",2024-11-19,https://www.president.gov.ua/news/mi-mayemo-ne-dopustiti-shob-htos-u-sviti-zasumnivavsya-u-sti-94497,ontological_security,духовний,духовної,"Трибунал проти Російської Федерації , конфіскація російських активів , дієві санкції проти Росії , стовідсоткове гарантування духовної незалежності України , українська культурна дипломатія , протидія дезінформації та розбудова нормальних державних комунікацій нашої держави , а також необхідна трансформація наших державних інституцій – абсолютно все це неможливо без дієвої співпраці з громадянським суспільством .","Нам потрібна спільна юридична , комунікаційна та адвокаційна робота держави та українських громадських сил .","Державні рішення , всі наші рішення мають бути підготовлені на основі найкращої експертизи , і ми вже напрацювали відповідні формати спільної роботи державних структур і суспільства .",yes,yes,ontological,nation,Moscow_Patriarchate,none,high,"'100% guaranteeing spiritual independence of Ukraine' listed alongside tribunals, asset confiscation, sanctions in national resilience plan.",,,,,
2433,3f565fb749e7,"Україна має реалізувати свій історичний шанс на розвиток, здобутий сміливістю наших людей – звернення Президента Володимира Зеленського",2023-08-10,https://www.president.gov.ua/news/ukrayina-maye-realizuvati-svij-istorichnij-shans-na-rozvitok-84817,ontological_security,духовний,духовний,"Звичайно , як і завжди , говорили про посилення духовної незалежності України та про духовний мир в Україні .",Вдячний Вселенському Патріархату за готовність допомагати .,Наша країна – один з історичних центрів християнства .,yes,yes,ontological,nation,Moscow_Patriarchate,none,high,Discussion with Ecumenical Patriarchate representative about strengthening Ukraine's spiritual independence.,,,,,
5885,889d490f1d4a,Привітання Президента України Володимира Зеленського з Різдвом Христовим,2023-12-24,https://www.president.gov.ua/news/privitannya-prezidenta-ukrayini-volodimira-zelenskogo-z-rizd-87981,ontological_security,духовний,духовної,"Шлях до здобуття всеосяжної незалежності , зокрема й духовної незалежності .","У непрості часи , коли захищаємо свою землю й свою душу , долаємо шлях до свободи .",Свободи нашої віри від ідеології рабства .,yes,yes,ontological,nation,Moscow_Patriarchate,none,high,"Path to achieving comprehensive independence, including spiritual independence. Christmas message frames spiritual independence as ongoing project.",,,,,
219,0409a2c6a5fe,"Православний світ побачив, що для Росії Великдень нічого не означає – звернення Президента України",2022-04-25,https://www.president.gov.ua/news/pravoslavnij-svit-pobachiv-sho-dlya-rosiyi-velikden-nichogo-74541,material_security,оборона,оборони,Серед іншого це стосується й підготовки до великої міністерської зустрічі в Німеччині у вівторок – зберуться сорок міністрів оборони держав - партнерів .,"Узгодили з американською стороною подальші кроки для зміцнення Збройних Сил України , задоволення всіх пріоритетних потреб нашої армії .","Ключове питання – захист України , захист свободи на сході Європи .",yes,no,none,none,none,none,high,,,,,,
7071,a750da14442e,"Російські війська знищують усе, що робить нас народом, але за це на них чекає відповідальність – звернення Президента Володимира Зеленського",2022-03-26,https://www.president.gov.ua/news/rosijski-vijska-znishuyut-use-sho-robit-nas-narodom-ale-za-c-73873,material_security,безпека,безпеки,Яка ціна цієї безпеки ?,Безпеки насправді для всіх європейців .,Це ж дуже конкретно .,yes,no,none,none,none,none,high,,,,,,
6275,92c1898797ce,Маємо максимально завдавати ураження всім російським позиціям і робимо це – звернення Президента,2024-08-16,https://www.president.gov.ua/news/mayemo-maksimalno-zavdavati-urazhennya-vsim-rosijskim-pozici-92637,ontological_security,духовний,духовної,"Цей законопроєкт повинен спрацювати й повинен додати Україні соборності , реальної нашої єдності духовної .","Верховній Раді запропоновано законопроєкт , який може реально гарантувати , що не буде жодних маніпуляцій із Москви українською церквою .","Дякую всім , хто зміцнює незалежність України !",yes,yes,ontological,nation,Moscow_Patriarchate,ban,high,"Bill should add to Ukraine's sobornost (unity), real spiritual unity. Legislative measure framed as strengthening national spiritual cohesion.",,,,,
2977,4aaca8be34af,Обговорили з партнерами роботу щодо ППО – нових систем для України; готуємо посилення – звернення Президента,2024-08-20,https://www.president.gov.ua/news/obgovorili-z-partnerami-robotu-shodo-ppo-novih-sistem-dlya-u-92713,ontological_security,духовний незалежність,духовної незалежності,Ухвалено закон щодо нашої духовної незалежності .,Хочу сьогодні відзначити роботу Верховної Ради України .,"Це те , про що ми говорили з членами Ради церков і релігійних організацій .",yes,yes,ontological,nation,Moscow_Patriarchate,ban,high,Law on spiritual independence adopted. The culmination of the legislative securitisation process - Law 3894-IX banning Russia-affiliated religious orgs.,,,,,
6476,98d3802ff4c7,Заява Президента України під час спільного з Президентом Туреччини спілкування з журналістами,2025-11-19,https://www.president.gov.ua/news/zayava-prezidenta-ukrayini-pid-chas-spilnogo-z-prezidentom-t-101465,material_security,безпека,безпеки,Гарантії безпеки дуже важливі .,І ми однаково з Туреччиною це бачимо : мир і безпека мають бути гарантованими .,"Ми будемо й надалі тісно координуватись , працювати з усіма нашими партнерами .",yes,no,none,none,none,none,high,,,,,,
6976,a5510c169a12,"Україну стільки разів хотіли знищити, але не змогли – звернення Президента Володимира Зеленського",2022-03-03,https://www.president.gov.ua/news/ukrayinu-stilki-raziv-hotili-znishiti-ale-ne-zmogli-zvernenn-73297,material_security,оборона,оборони,Усі лінії нашої оборони збережені .,"Ракетно - бомбові удари Росії по українських містах – це зізнання , що не змогли зробити нічого суттєвого на нашій землі .",На жодному зі стратегічних напрямків у ворога немає успіху .,yes,no,none,none,none,none,high,,,,,,
6274,92c1898797ce,Маємо максимально завдавати ураження всім російським позиціям і робимо це – звернення Президента,2024-08-16,https://www.president.gov.ua/news/mayemo-maksimalno-zavdavati-urazhennya-vsim-rosijskim-pozici-92637,church_actors,церква,церквою,"Верховній Раді запропоновано законопроєкт , який може реально гарантувати , що не буде жодних маніпуляцій із Москви українською церквою .",І вдячний за підтримку нашого курсу на духовну незалежність України .,"Цей законопроєкт повинен спрацювати й повинен додати Україні соборності , реальної нашої єдності духовної .",yes,yes,both,church_independence,Moscow_Patriarchate,ban,high,Bill proposed to Rada guaranteeing no Moscow manipulation of Ukrainian church. Explicit extraordinary measure targeting Moscow Patriarchate influence.,,,,,
4388,67f531b56cda,"Системи ППО, які є у світі, не можуть просто припадати пилом десь на базах, коли вони можуть урятувати тисячі життів від російського терору – звернення Президента",2024-04-02,https://www.president.gov.ua/news/sistemi-ppo-yaki-ye-u-sviti-ne-mozhut-prosto-pripadati-pilom-90005,decolonisation,окупант,окупанти,"І , звичайно , ми цінуємо зусилля церков у комунікації з християнами світу , щоб усюди люди знали правду про війну тут , про російське зло , про ті злочини , які вчиняють окупанти .","Це те , що справді підтримує на фронті : мають бути ті , хто допоможе людському духу знайти необхідну опору .",Цей діалог між церквами й громадами – діалог правди – ефективний .,yes,no,none,none,none,none,high,,,,,,
2943,49293ef4ff5e,За цей тиждень ми додали Україні нових домовленостей щодо зброї – звернення Президента,2024-10-12,https://www.president.gov.ua/news/za-cej-tizhden-mi-dodali-ukrayini-novih-domovlenostej-shodo-93817,ontological_security,духовний,духовну,"Дуже важливо , щоб більше представників церков і релігійних спільнот , усі , хто працює на духовну незалежність України , долучались до військової служби Україні , були ближче до хлопців на передовій – передусім у бойових бригадах , саме там , де найбільш потрібно .","Духовні отці з різних конфесій , які служать , щоб наші воїни мали духовну підтримку та правильну пораду , світлу надію .","Я дякую кожному військовому капелану , який служить саме так – з нашими українськими воїнами .",yes,yes,ontological,nation,Russia,none,medium,"Those working for spiritual independence of Ukraine should join military service, be closer to soldiers on the front. Links spiritual independence to military effort.",,,,,
1093,1cab7f32ecd4,"Ми маємо не допустити, щоб хтось у світі засумнівався у стійкості всієї України – Щорічне Послання Президента до Верховної Ради",2024-11-19,https://www.president.gov.ua/news/mi-mayemo-ne-dopustiti-shob-htos-u-sviti-zasumnivavsya-u-sti-94497,decolonisation,незалежність,незалежності,"Трибунал проти Російської Федерації , конфіскація російських активів , дієві санкції проти Росії , стовідсоткове гарантування духовної незалежності України , українська культурна дипломатія , протидія дезінформації та розбудова нормальних державних комунікацій нашої держави , а також необхідна трансформація наших державних інституцій – абсолютно все це неможливо без дієвої співпраці з громадянським суспільством .","Нам потрібна спільна юридична , комунікаційна та адвокаційна робота держави та українських громадських сил .","Державні рішення , всі наші рішення мають бути підготовлені на основі найкращої експертизи , і ми вже напрацювали відповідні формати спільної роботи державних структур і суспільства .",yes,yes,ontological,nation,Moscow_Patriarchate,none,high,"'100% guaranteeing spiritual independence of Ukraine' listed alongside tribunals, asset confiscation, sanctions in national resilience plan.",,,,,
1139,1cab7f32ecd4,"Ми маємо не допустити, щоб хтось у світі засумнівався у стійкості всієї України – Щорічне Послання Президента до Верховної Ради",2024-11-19,https://www.president.gov.ua/news/mi-mayemo-ne-dopustiti-shob-htos-u-sviti-zasumnivavsya-u-sti-94497,decolonisation,незалежність,незалежність,"В межах саме цього діалогу можемо визначати , які моделі більшої співпраці здатні зміцнити нашу державу та всіх наших людей , нашу духовну незалежність , нашу соціальну роботу в Українській державі .","В Україні є глобально важливий інституційний приклад такої співпраці – Рада церков і релігійних організацій , і на базі цієї інституції сформовано вже діалог між державою та всіма релігійними спільнотами України .","Звичайно , не йдеться про московську церкву .",yes,yes,ontological,nation,Moscow_Patriarchate,none,high,"Through dialogue with Council of Churches, determining models to strengthen spiritual independence.",,,,,
10460,fd7625840771,"Кожен день спротиву створює для України кращі умови на переговорах, щоб гарантувати наше майбутнє у мирі – звернення Президента Володимира Зеленського",2022-03-07,https://www.president.gov.ua/news/kozhen-den-sprotivu-stvoryuye-dlya-ukrayini-krashi-umovi-na-73417,decolonisation,окупант,окупанти,"Ми не боїмося разом з вами , коли окупанти відкривають вогонь та намагаються всіх розігнати .",Ми стоїмо на площах і на вулицях разом з вами .,Ви не відступаєте .,yes,no,none,none,none,none,high,,,,,,
705,1092f016762c,Більше систем ППО та засобів ураження російської авіації означає ближчий мир – звернення Президента України,2024-03-10,https://www.president.gov.ua/news/bilshe-sistem-ppo-ta-zasobiv-urazhennya-rosijskoyi-aviaciyi-89621,church_actors,церква,церков,"В Україні багато було колись білих стін будинків і церков , які зараз обпалені та розбиті російськими снарядами .","Російські вбивці та катівні не йдуть далі Європою лише тому , що їх стримують українці й українки зі зброєю в руках та під синьо - жовтим прапором .","І це дуже красномовно говорить , хто саме повинен зупинитись , щоб війна зупинилась .",yes,no,none,none,none,none,high,,,,,,
4867,72c6ae74b540,Ми гарантуємо Україні духовну незалежність – звернення Президента Володимира Зеленського,2022-12-01,https://www.president.gov.ua/news/mi-garantuyemo-ukrayini-duhovnu-nezalezhnist-zvernennya-prez-79577,church_actors,релігійний,релігійному,"Всім органам , до компетенції яких належить питання у сфері забезпечення національної безпеки , активізувати заходи з виявлення та протидії підривній діяльності російських спецслужб у релігійному середовищі України .",Четверте .,І застосувати персональні санкції – прізвища будуть оприлюднені невдовзі .,yes,yes,material,state,Russia,sanctions,high,National security organs to counter subversive activity of Russian special services in Ukrainian religious environment. Followed by personal sanctions.,,,,,
4861,72c6ae74b540,Ми гарантуємо Україні духовну незалежність – звернення Президента Володимира Зеленського,2022-12-01,https://www.president.gov.ua/news/mi-garantuyemo-ukrayini-duhovnu-nezalezhnist-zvernennya-prez-79577,church_actors,релігійний,релігійних,"Засідання , на якому ми розглянули численні факти зв’язків окремих релігійних кіл в Україні з державою - агресором .",Сьогодні відбулося засідання РНБО .,"На жаль , навіть російський терор і повномасштабна війна не переконали деяких діячів у тому , що варто подолати спокусу зла .",yes,yes,material,state,UOC-MP,other,high,NSDC examined 'links of certain religious circles with the aggressor state'. Frames UOC-MP as security threat via foreign state ties.,,,,,
9891,efbad3182c3d,"Цінуємо кожне життя, пам’ятаємо історію і разом захищаємо свободу – звернення Президента України",2023-07-09,https://www.president.gov.ua/news/cinuyemo-kozhne-zhittya-pamyatayemo-istoriyu-i-razom-zahisha-84229,material_security,оборона,оборони,"Проаналізували підготовку й забезпечення наших сил оборони та безпеки , відповідних підрозділів на Волині .","Були доповіді військових , правоохоронців , місцевої влади .","Була доповідь щодо соціальної ситуації в області , потреб людей .",yes,no,none,none,none,none,high,,,,,,
2971,4aaca8be34af,Обговорили з партнерами роботу щодо ППО – нових систем для України; готуємо посилення – звернення Президента,2024-08-20,https://www.president.gov.ua/news/obgovorili-z-partnerami-robotu-shodo-ppo-novih-sistem-dlya-u-92713,material_security,оборона,Оборона,Оборона на Покровському й Торецькому напрямках .,Фронт .,"Важка ситуація , але хлопці роблять усе , щоб знищувати окупанта .",yes,no,none,none,none,none,high,,,,,,
8005,bbe72d41a03f,"Зараз час, коли всі історичні складнощі для України можемо перемогти, якщо будемо берегти нашу єдність – звернення Президента України",2023-03-12,https://www.president.gov.ua/news/zaraz-chas-koli-vsi-istorichni-skladnoshi-dlya-ukrayini-mozh-81581,ontological_security,духовний незалежність,духовної незалежності,Є цього тижня рух і на зміцнення нашої духовної незалежності .,"Разом , у єдності ми прийдемо до перемоги .",Суспільство це бачить .,yes,yes,ontological,nation,Russia,none,high,Progress on strengthening spiritual independence. Ongoing securitisation narrative.,,,,,
8851,d20b129022a4,"Стратегія захисту для кожної цивілізованої держави – тиснути на Росію, щоб відновити мир – звернення Президента України",2022-04-09,https://www.president.gov.ua/news/strategiya-zahistu-dlya-kozhnoyi-civilizovanoyi-derzhavi-tis-74225,church_actors,церква,церкви,"Вдячний за це рішення ієрархам , духовенству та вірним Української православної церкви США .",І свого часу вона буде вдома – у Святій Софії .,"Хочу , щоб повернення цієї святині стало для всіх нас важливим символом .",yes,no,none,none,none,none,high,,,,,,
8001,bbe72d41a03f,"Зараз час, коли всі історичні складнощі для України можемо перемогти, якщо будемо берегти нашу єдність – звернення Президента України",2023-03-12,https://www.president.gov.ua/news/zaraz-chas-koli-vsi-istorichni-skladnoshi-dlya-ukrayini-mozh-81581,ontological_security,духовний,духовної,Є цього тижня рух і на зміцнення нашої духовної незалежності .,"Разом , у єдності ми прийдемо до перемоги .",Суспільство це бачить .,yes,yes,ontological,nation,Russia,none,high,Progress on strengthening spiritual independence. Ongoing securitisation narrative.,,,,,
2439,3f565fb749e7,"Україна має реалізувати свій історичний шанс на розвиток, здобутий сміливістю наших людей – звернення Президента Володимира Зеленського",2023-08-10,https://www.president.gov.ua/news/ukrayina-maye-realizuvati-svij-istorichnij-shans-na-rozvitok-84817,ontological_security,духовний,духовну,"Україна вистоїть , збереже незалежність – усі аспекти незалежності , зокрема і духовну .","Держава ніколи не допустить , щоб будь-яку з українських релігійних спільнот могла використовувати держава - агресор .","І я вдячний усім у світі , хто підтримує в цьому нашу державу , наших людей .",yes,yes,ontological,nation,Russia,none,high,Ukraine will preserve independence - including spiritual independence. Explicit ontological securitisation.,,,,,
5433,7fa17a24c64c,Звернення Президента до учасників саміту Міжнародної коаліції за повернення українських дітей на рівні лідерів,2025-09-23,https://www.president.gov.ua/news/zvernennya-prezidenta-do-uchasnikiv-samitu-mizhnarodnoyi-koa-100285,church_actors,церква,церкви,"Усе це відомо – табори , де викрадених дітей навчають ненависті , установи , причетні до цього , навіть структури російської державної церкви , які використовуються для знищення української ідентичності дітей .","І я закликаю вас : у кожному пакеті санкцій посилюйте тиск на російських політиків , чиновників , суддів , пропагандистів та інших осіб , причетних до викрадення дітей і спроб « перепрограмувати » їхню свідомість .","І кожен , хто не заплющує очі та діє у відповідь , захищає людство .",yes,yes,ontological,identity,Russia,none,high,Russian state church structures used to destroy Ukrainian identity of deported children. Links church structures to identity destruction.,,,,,
8455,c850aa5c1c24,"Наша тактика – коли супротивник не знає, чого від нас чекати – звернення Президента України",2022-03-18,https://www.president.gov.ua/news/nasha-taktika-koli-suprotivnik-ne-znaye-chogo-vid-nas-chekat-73645,decolonisation,окупант,окупантів,"На кожен удар окупантів по наших мирних містах , по наших людях .",І відповідають на кожну атаку .,У полон взяті нові російські строковики .,yes,no,none,none,none,none,high,,,,,,
4877,72c6ae74b540,Ми гарантуємо Україні духовну незалежність – звернення Президента Володимира Зеленського,2022-12-01,https://www.president.gov.ua/news/mi-garantuyemo-ukrayini-duhovnu-nezalezhnist-zvernennya-prez-79577,ontological_security,духовний незалежність,духовну незалежність,"Забезпечимо , зокрема , духовну незалежність .",Ми вже вибороли це й забезпечимо для нашої держави всю повноту незалежності .,Ми ніколи й нікому не дозволимо будувати імперію всередині української душі .,yes,yes,ontological,nation,Moscow_Patriarchate,none,high,Declarative framing: Ukraine will guarantee spiritual independence. Implies Moscow Patriarchate connection threatens spiritual sovereignty.,,,,,
221,0409a2c6a5fe,"Православний світ побачив, що для Росії Великдень нічого не означає – звернення Президента України",2022-04-25,https://www.president.gov.ua/news/pravoslavnij-svit-pobachiv-sho-dlya-rosiyi-velikden-nichogo-74541,material_security,санкція,санкції,Потрібно перекрити всі можливості Росії обходити санкції .,"Той факт , що Росія не шукає миру й демонстративно вбиває навіть на Великдень , свідчить , що потрібен більший санкційний тиск .","Тож ми передали партнерам спеціальний План щодо посилення санкцій проти Російської Федерації , який розробила міжнародна експертна група під керівництвом Андрія Єрмака та Майкла Макфола .",yes,no,none,none,none,none,high,,,,,,
6278,92c1898797ce,Маємо максимально завдавати ураження всім російським позиціям і робимо це – звернення Президента,2024-08-16,https://www.president.gov.ua/news/mayemo-maksimalno-zavdavati-urazhennya-vsim-rosijskim-pozici-92637,ontological_security,духовний незалежність,духовну незалежність,І вдячний за підтримку нашого курсу на духовну незалежність України .,Говорив із членами Ради церков та релігійних організацій .,"Верховній Раді запропоновано законопроєкт , який може реально гарантувати , що не буде жодних маніпуляцій із Москви українською церквою .",yes,yes,ontological,nation,Moscow_Patriarchate,none,high,Grateful for support of 'our course toward spiritual independence of Ukraine'. Council of Churches endorsement.,,,,,
2302,3ca1baf500c3,Промова Президента України Володимира Зеленського у Фолькетингу,2022-03-29,https://www.president.gov.ua/news/promova-prezidenta-ukrayini-volodimira-zelenskogo-u-folketin-73925,material_security,загроза,загрози,Вони не становили жодної загрози для Росії .,Жодних войовничих мрій у миколаївців не було .,"Але і вони , як і всі інші українці , повірте мені , стали мішенню для російських військ .",yes,no,none,none,none,none,high,,,,,,
9180,dbc0cec4a560,"Ворог свободи має програти, ось чому ми звертаємося по підтримку до Сполучених Штатів – виступ Президента України на зустрічі з членами Національної асоціації губернаторів США",2023-04-04,https://www.president.gov.ua/news/vorog-svobodi-maye-prograti-os-chomu-mi-zvertayemosya-po-pid-82085,material_security,оборона,оборони,"Дякую Арканзасу та всім працівникам оборонної індустрії штату за чудові системи « Хаймарс » , які реально змінюють перебіг бойових дій і змушують російську армію до глухої оборони .",Дякую всім вам .,"Дякую Алабамі та всім працівникам підприємств штату , які виробляють , зокрема , протитанкові системи « Джавелін » , що врятували життя тисячам і тисячам українських воїнів .",yes,no,none,none,none,none,high,,,,,,
1091,1cab7f32ecd4,"Ми маємо не допустити, щоб хтось у світі засумнівався у стійкості всієї України – Щорічне Послання Президента до Верховної Ради",2024-11-19,https://www.president.gov.ua/news/mi-mayemo-ne-dopustiti-shob-htos-u-sviti-zasumnivavsya-u-sti-94497,material_security,санкція,санкції,"Трибунал проти Російської Федерації , конфіскація російських активів , дієві санкції проти Росії , стовідсоткове гарантування духовної незалежності України , українська культурна дипломатія , протидія дезінформації та розбудова нормальних державних комунікацій нашої держави , а також необхідна трансформація наших державних інституцій – абсолютно все це неможливо без дієвої співпраці з громадянським суспільством .","Нам потрібна спільна юридична , комунікаційна та адвокаційна робота держави та українських громадських сил .","Державні рішення , всі наші рішення мають бути підготовлені на основі найкращої експертизи , і ми вже напрацювали відповідні формати спільної роботи державних структур і суспільства .",yes,yes,ontological,nation,Moscow_Patriarchate,none,high,"'100% guaranteeing spiritual independence of Ukraine' listed alongside tribunals, asset confiscation, sanctions in national resilience plan.",,,,,
9013,d737ea63f60a,"Ми повинні зробити все, щоб 25-й рік став для України роком миру – виступ Президента з нагоди Дня дипломата",2024-12-22,https://www.president.gov.ua/news/mi-povinni-zrobiti-vse-shob-25-j-rik-stav-dlya-ukrayini-roko-95169,decolonisation,незалежність,незалежність,"Ми проходимо вже третій рік повномасштабної війни , зберігаючи незалежність України , свій суверенітет і здатність нашої держави досягти й досягати необхідних результатів .","Вітаю вас із професійним днем та вдячний вам за роботу заради інтересів України , інтересів кожного й кожної в нашій державі , наших людей .","За рік , що минає , Україна змогла стати сильніше , змогла стати ближче до мети , яка обʼєднує увесь наш народ : нам потрібно здолати окупанта , перемогти це зло , нам потрібен справедливий мир , і кожен , кожна з вас повинні працювати саме заради цього .",yes,no,none,none,none,none,high,,,,,,
1105,1cab7f32ecd4,"Ми маємо не допустити, щоб хтось у світі засумнівався у стійкості всієї України – Щорічне Послання Президента до Верховної Ради",2024-11-19,https://www.president.gov.ua/news/mi-mayemo-ne-dopustiti-shob-htos-u-sviti-zasumnivavsya-u-sti-94497,material_security,оборона,оборони,"І звертаюся до командирів усіх рівнів нашої держави , у наших Силах оборони й безпеки України : обовʼязково дослухайтесь до інноваційних пропозицій підлеглих , бережіть , будь ласка , тих , хто впроваджує технології , і поширюйте досвід найкращих рот і батальйонів у бригадах .",Але самі бригади часто бувають іще швидшими у визначенні та заповненні потреб .,"Дорогі українці , дорогі українки !",yes,no,none,none,none,none,high,,,,,,
8459,c850aa5c1c24,"Наша тактика – коли супротивник не знає, чого від нас чекати – звернення Президента України",2022-03-18,https://www.president.gov.ua/news/nasha-taktika-koli-suprotivnik-ne-znaye-chogo-vid-nas-chekat-73645,material_security,оборона,оборони,Для нашої оборони .,"Усе , що ми зробили за декілька років .",Для нашої тактики .,yes,no,none,none,none,none,high,,,,,,
4878,72c6ae74b540,Ми гарантуємо Україні духовну незалежність – звернення Президента Володимира Зеленського,2022-12-01,https://www.president.gov.ua/news/mi-garantuyemo-ukrayini-duhovnu-nezalezhnist-zvernennya-prez-79577,ontological_security,духовний незалежність,духовну незалежність,Цими та іншими рішеннями ми гарантуємо Україні духовну незалежність .,"Відбудеться реформа цієї структури , яка дасть їй змогу реально захищати права та законні інтереси українців і держави .",Хочу підкреслити : у 1991 році наша держава стала саме на законний і демократичний шлях .,yes,yes,ontological,nation,Moscow_Patriarchate,ban,high,Summary statement: 'With these decisions we guarantee Ukraine spiritual independence.' Links NSDC extraordinary measures to ontological security.,,,,,
8829,d16210c4d3a2,"Запрошую вас будувати зв'язки між людьми, які триватимуть завжди – виступ Президента України під час зустрічі Національної асоціації губернаторів США",2024-07-09,https://www.president.gov.ua/news/zaproshuyu-vas-buduvati-zvyazki-mizh-lyudmi-yaki-trivatimut-92153,material_security,безпека,безпеку,"Їхні батьки повинні відчувати хоча б базову безпеку – мати можливість жити , працювати й забезпечувати свої сім'ї .",Дітям також потрібно ходити до школи .,"Вдумайтеся в цифри : Росія зруйнувала майже 160 тисяч цивільних об'єктів , лише житлових будинків – 130 тисяч , 3 тисячі шкіл , 700 медичних установ і 170 церков .",yes,no,none,none,none,none,high,,,,,,
1077,1cab7f32ecd4,"Ми маємо не допустити, щоб хтось у світі засумнівався у стійкості всієї України – Щорічне Послання Президента до Верховної Ради",2024-11-19,https://www.president.gov.ua/news/mi-mayemo-ne-dopustiti-shob-htos-u-sviti-zasumnivavsya-u-sti-94497,material_security,ворог,ворог,"І ми всі маємо розуміти , за що ворог сплачує таку ціну .","Саме там і на суміжних оборонних напрямках на нашій українській Донеччині , на нашій Харківщині Росія пішла на найбільший рівень своїх втрат за цю війну .","Росія хоче руйнації нас , нашої держави , наших людей , руйнації нашої стійкості .",yes,no,none,none,none,none,high,,,,,,
4869,72c6ae74b540,Ми гарантуємо Україні духовну незалежність – звернення Президента Володимира Зеленського,2022-12-01,https://www.president.gov.ua/news/mi-garantuyemo-ukrayini-duhovnu-nezalezhnist-zvernennya-prez-79577,ontological_security,духовний,духовну,Цими та іншими рішеннями ми гарантуємо Україні духовну незалежність .,"Відбудеться реформа цієї структури , яка дасть їй змогу реально захищати права та законні інтереси українців і держави .",Хочу підкреслити : у 1991 році наша держава стала саме на законний і демократичний шлях .,yes,yes,ontological,nation,Moscow_Patriarchate,ban,high,Summary statement: 'With these decisions we guarantee Ukraine spiritual independence.' Links NSDC extraordinary measures to ontological security.,,,,,
6662,9e18ffdfcc12,"Щоб перемогти тиранію, потрібне більше єднання; демократичний світ здатен його досягти – звернення Володимира Зеленського",2023-03-29,https://www.president.gov.ua/news/shob-peremogti-tiraniyu-potribne-bilshe-yednannya-demokratic-81929,ontological_security,духовний,духовної,"Плюс сьогодні ще й зроблений крок на зміцнення духовної незалежності нашої держави , на захист нашого суспільства від старих і цинічних московських маніпуляцій релігією .","Україна не втратила ще жодного тижня за час повномасштабної війни – постійно додаємо сили нашій державі , міцності нашим силам оборони й безпеки , впевненості нашому руху до перемоги .",Україна – це територія найбільшої релігійної свободи у нашій частині Європи .,yes,yes,ontological,nation,Moscow_Patriarchate,ban,high,"Step taken to strengthen spiritual independence, protect society from 'old and cynical Moscow manipulations of religion'. Legislative action implied.",,,,,
1118,1cab7f32ecd4,"Ми маємо не допустити, щоб хтось у світі засумнівався у стійкості всієї України – Щорічне Послання Президента до Верховної Ради",2024-11-19,https://www.president.gov.ua/news/mi-mayemo-ne-dopustiti-shob-htos-u-sviti-zasumnivavsya-u-sti-94497,material_security,безпека,Безпека,Пункт шостий нашого Плану – « Безпека » .,"Загалом енергетичний пункт Плану стійкості буде деталізований різними додатками – як закритими , так і відкритими , що в сукупності будуть чіткою енергетичною мапою для України на найближчі роки .",Саме внутрішня безпека в Україні .,yes,no,none,none,none,none,high,,,,,,
1135,1cab7f32ecd4,"Ми маємо не допустити, щоб хтось у світі засумнівався у стійкості всієї України – Щорічне Послання Президента до Верховної Ради",2024-11-19,https://www.president.gov.ua/news/mi-mayemo-ne-dopustiti-shob-htos-u-sviti-zasumnivavsya-u-sti-94497,church_actors,церква,церков,"В Україні є глобально важливий інституційний приклад такої співпраці – Рада церков і релігійних організацій , і на базі цієї інституції сформовано вже діалог між державою та всіма релігійними спільнотами України .","За умови збереження світського характеру державних інституцій ми маємо й можемо розвивати партнерство між державою та церквою , між державою та релігійними спільнотами .","В межах саме цього діалогу можемо визначати , які моделі більшої співпраці здатні зміцнити нашу державу та всіх наших людей , нашу духовну незалежність , нашу соціальну роботу в Українській державі .",yes,no,none,none,none,none,high,,,,,,
4961,746f87026ebd,"Ситуація в Зоні відчуження, святкування Великодня та боротьба з коронавірусом: звернення Президента України до громадян",2020-04-14,https://www.president.gov.ua/news/situaciya-v-zoni-vidchuzhennya-svyatkuvannya-velikodnya-ta-b-60637,decolonisation,воля,волі,"Але якщо хтось усе ще думає палити траву – знайте , що це може коштувати вам 153 тисячі гривень або навіть позбавлення волі .","Я вірю , що ми – розумна та доросла нація .",Щодо боротьби з коронавірусом в Україні .,no,no,none,none,none,none,high,Keyword match does not reflect category meaning in context.,,,,,
4964,746f87026ebd,"Ситуація в Зоні відчуження, святкування Великодня та боротьба з коронавірусом: звернення Президента України до громадян",2020-04-14,https://www.president.gov.ua/news/situaciya-v-zoni-vidchuzhennya-svyatkuvannya-velikodnya-ta-b-60637,church_actors,церква,церков,Ви зможете побачити трансляцію богослужінь з усіх церков на телевізійних каналах України .,Ми маємо домовленості з українськими медіагрупами .,"Кожен з нас розуміє , що цьогоріч доведеться змінювати традиції .",yes,no,none,none,none,none,high,Chornobyl fires + COVID + Lavra COVID outbreak. Pandemic context.,,,,,
1131,1cab7f32ecd4,"Ми маємо не допустити, щоб хтось у світі засумнівався у стійкості всієї України – Щорічне Послання Президента до Верховної Ради",2024-11-19,https://www.president.gov.ua/news/mi-mayemo-ne-dopustiti-shob-htos-u-sviti-zasumnivavsya-u-sti-94497,church_actors,церква,церкви,Наша політика щодо церкви та релігійних організацій .,"Україні потрібна спеціальна політика дитинства – конкретні заходи , які допомагають батьківству в Україні , підтримують сім’ї та сімейне виховання , дають дитині змогу рости в безпечному та сучасному соціальному середовищі .","За умови збереження світського характеру державних інституцій ми маємо й можемо розвивати партнерство між державою та церквою , між державою та релігійними спільнотами .",yes,yes,ontological,nation,Moscow_Patriarchate,none,medium,Announces church policy section of Annual Address. Opening frame for the church-state securitisation narrative.,,,,,
2918,48650e6cdb63,Звернення Президента Володимира Зеленського з нагоди Дня захисників і захисниць України,2022-10-14,https://www.president.gov.ua/news/zvernennya-prezidenta-volodimira-zelenskogo-z-nagodi-dnya-za-78485,decolonisation,воля,волі,"У війні за нашу пам’ять і традицію , традицію волі .",У війні за наші цінності .,У цій війні все залежить від тебе .,yes,no,none,none,none,none,high,,,,,,
5326,7cfa5f11e4ca,«Україна. Київська Русь. 1033»: звернення Президента Володимира Зеленського з нагоди Дня Хрещення Київської Русі – України,2021-07-28,https://www.president.gov.ua/news/ukrayina-kiyivska-rus-1033-zvernennya-prezidenta-volodimira-69757,church_actors,церква,церкви,Всі добудови П'ятницької церкви зруйнувала нацистська бомба в 1941 році .,Храм Спаса на Берестові був також зруйнований Батиєм у 1240 році .,Це – також частина нашої історії .,yes,no,none,none,none,none,high,,,,,,
4863,72c6ae74b540,Ми гарантуємо Україні духовну незалежність – звернення Президента Володимира Зеленського,2022-12-01,https://www.president.gov.ua/news/mi-garantuyemo-ukrayini-duhovnu-nezalezhnist-zvernennya-prez-79577,church_actors,упц,УПЦ,Державній службі з етнополітики та свободи совісті – забезпечити проведення релігієзнавчої експертизи Статуту про управління УПЦ на наявність церковно - канонічного зв’язку з Московським патріархатом і за необхідності – вжити передбачених законом заходів .,Друге .,Третє .,yes,yes,material,state,UOC-MP,other,high,State religious affairs service instructed to examine UOC statute for canonical links to Moscow Patriarchate.,,,,,
1095,1cab7f32ecd4,"Ми маємо не допустити, щоб хтось у світі засумнівався у стійкості всієї України – Щорічне Послання Президента до Верховної Ради",2024-11-19,https://www.president.gov.ua/news/mi-mayemo-ne-dopustiti-shob-htos-u-sviti-zasumnivavsya-u-sti-94497,material_security,оборона,оборони,"Я доручив командуванню Сил оборони й безпеки України опрацювати поширення функціоналу « Армії + » на всі Сили оборони і безпеки , зокрема Національну гвардію України .","Це приклад того , що цифровізація в усіх сферах нашого державного життя є дійсно дієвим інструментом не просто спрощення процесів і подолання бюрократії , але й об’єднання людей – побудови довіри між державою та нашим українським суспільством .",Передусім це стосується знов-таки переведень .,yes,no,none,none,none,none,high,,,,,,
2443,3f565fb749e7,"Україна має реалізувати свій історичний шанс на розвиток, здобутий сміливістю наших людей – звернення Президента Володимира Зеленського",2023-08-10,https://www.president.gov.ua/news/ukrayina-maye-realizuvati-svij-istorichnij-shans-na-rozvitok-84817,ontological_security,духовний незалежність,духовної незалежності,"Звичайно , як і завжди , говорили про посилення духовної незалежності України та про духовний мир в Україні .",Вдячний Вселенському Патріархату за готовність допомагати .,Наша країна – один з історичних центрів християнства .,yes,yes,ontological,nation,Moscow_Patriarchate,none,high,Discussion with Ecumenical Patriarchate representative about strengthening Ukraine's spiritual independence.,,,,,
4418,68e5fe347a9e,"Дуже важливо, що у Києво-Печерській лаврі сьогодні прозвучала і ще звучатиме щира молитва за Україну – звернення Президента Володимира Зеленського",2023-01-07,https://www.president.gov.ua/news/duzhe-vazhlivo-sho-u-kiyevo-pecherskij-lavri-sogodni-prozvuc-80277,ontological_security,духовний,духовної,"Ще раз вітаю з Різдвом Христовим усіх , хто святкує сьогодні , у цей день , який уже став історичним для України , для духовної незалежності нашого народу .","Бажаю здоровʼя , шановні українці !","Я був радий сьогодні бачити , скільки людей , скільки наших воїнів прийшли на службу Божу у храм Києво - Печерської лаври – у те святе місце , яке є одним із витоків української культурної традиції .",yes,yes,ontological,nation,Moscow_Patriarchate,none,high,Christmas at Lavra framed as historic day for Ukraine's spiritual independence. OCU service at formerly UOC-MP-held site.,,,,,
4420,68e5fe347a9e,"Дуже важливо, що у Києво-Печерській лаврі сьогодні прозвучала і ще звучатиме щира молитва за Україну – звернення Президента Володимира Зеленського",2023-01-07,https://www.president.gov.ua/news/duzhe-vazhlivo-sho-u-kiyevo-pecherskij-lavri-sogodni-prozvuc-80277,church_actors,лавра,лаври,"Я був радий сьогодні бачити , скільки людей , скільки наших воїнів прийшли на службу Божу у храм Києво - Печерської лаври – у те святе місце , яке є одним із витоків української культурної традиції .","Ще раз вітаю з Різдвом Христовим усіх , хто святкує сьогодні , у цей день , який уже став історичним для України , для духовної незалежності нашого народу .","Дуже важливо , що у лаврі сьогодні прозвучала і ще звучатиме щира молитва за Україну .",yes,yes,ontological,church_independence,Moscow_Patriarchate,property_transfer,high,President celebrates OCU service at Kyiv-Pechersk Lavra - site transferred from UOC-MP. Reclaiming spiritual space as identity assertion.,,,,,
6666,9e18ffdfcc12,"Щоб перемогти тиранію, потрібне більше єднання; демократичний світ здатен його досягти – звернення Володимира Зеленського",2023-03-29,https://www.president.gov.ua/news/shob-peremogti-tiraniyu-potribne-bilshe-yednannya-demokratic-81929,ontological_security,духовний незалежність,духовної незалежності,"Плюс сьогодні ще й зроблений крок на зміцнення духовної незалежності нашої держави , на захист нашого суспільства від старих і цинічних московських маніпуляцій релігією .","Україна не втратила ще жодного тижня за час повномасштабної війни – постійно додаємо сили нашій державі , міцності нашим силам оборони й безпеки , впевненості нашому руху до перемоги .",Україна – це територія найбільшої релігійної свободи у нашій частині Європи .,yes,yes,ontological,nation,Moscow_Patriarchate,ban,high,"Step taken to strengthen spiritual independence, protect society from 'old and cynical Moscow manipulations of religion'. Legislative action implied.",,,,,
2440,3f565fb749e7,"Україна має реалізувати свій історичний шанс на розвиток, здобутий сміливістю наших людей – звернення Президента Володимира Зеленського",2023-08-10,https://www.president.gov.ua/news/ukrayina-maye-realizuvati-svij-istorichnij-shans-na-rozvitok-84817,decolonisation,незалежність,незалежність,"Але передусім я вдячний кожному й кожній , хто б’ється за нашу незалежність .","І я вдячний усім у світі , хто підтримує в цьому нашу державу , наших людей .",Сьогодні я хочу відзначити саме наших воїнів .,yes,no,none,none,none,none,high,,,,,,
4516,6b7e723f64e9,Звернення Президента Володимира Зеленського з нагоди Дня Конституції України,2022-06-28,https://www.president.gov.ua/news/zvernennya-prezidenta-volodimira-zelenskogo-z-nagodi-dnya-ko-76093,material_security,ворог,ворогу,Саме тому українці не побоялися сказати ворогу « идите домой » .,Це свобода слова .,Бо мають свободу думки .,yes,no,none,none,none,none,high,,,,,,
8820,d137d9236df2,"Виступ Президента й першої леді України перед представниками урядових і ділових кіл США, пресою та українською громадою",2023-09-19,https://www.president.gov.ua/news/vistup-prezidenta-j-pershoyi-ledi-ukrayini-pered-predstavnik-85817,ontological_security,духовний,духовна,Тому це ще й духовна битва .,"Проти найгіршого , що може бути в людині , – свідомого прагнення вбити , знищити , загарбати , поневолити .","Щира подяка всім , хто бореться разом із нами в духовному вимірі й вимірі цінностей .",yes,yes,ontological,identity,Russia,none,medium,Frames the war as 'also a spiritual battle'. Ontological securitisation framing in address to US governmental and business audience.,,,,,
2747,450b39452fe6,"Потрібно, щоб кошти від активів агресора працювали на реальну допомогу захисту від агресора – звернення Президента",2024-08-21,https://www.president.gov.ua/news/potribno-shob-koshti-vid-aktiviv-agresora-pracyuvali-na-real-92733,ontological_security,духовний незалежність,духовної незалежності,Поінформував щодо ухваленого закону на посилення нашої духовної незалежності .,"Я подякував йому за підтримку України та українців , нашого захисту , нашої незалежності .","Дуже важливо , що ми маємо спільне розуміння того об’єднавчого потенціалу для українського православ’я , який дає цей ухвалений закон , і все для цього передбачено цілком достатньо , щоб справді позбутися залежності від Москви й додати єдності Україні .",yes,yes,ontological,nation,Moscow_Patriarchate,ban,high,Informed Patriarch Bartholomew about adopted law strengthening spiritual independence.,,,,,
5640,830a678fce85,Привітання Президента України Володимира Зеленського з Великоднем,2022-04-24,https://www.president.gov.ua/news/privitannya-prezidenta-ukrayini-volodimira-zelenskogo-z-veli-74529,material_security,загроза,загрозу,"І торішню , і теперішню загрозу об’єднує одне – ніщо не зможе здолати Україну .",Через чуму під назвою війна .,"Велике свято сьогодні дає нам велику надію й непохитну віру в те , що світло переможе темряву , добро переможе зло , життя переможе смерть , а отже , неодмінно переможе Україна !",yes,no,none,none,none,none,high,,,,,,
2423,3eff2d7b969f,Промова Президента Володимира Зеленського з нагоди 30-ї річниці незалежності України,2021-08-24,https://www.president.gov.ua/news/promova-prezidenta-volodimira-zelenskogo-z-nagodi-30-yi-rich-70333,ontological_security,київський русь,Київської Русі,Ми – молода родина зі славетної династії Київської Русі – України .,Ми не в гостях і не в приймах .,З роду засновників .,yes,no,none,none,none,none,high,,,,,,
9888,efbad3182c3d,"Цінуємо кожне життя, пам’ятаємо історію і разом захищаємо свободу – звернення Президента України",2023-07-09,https://www.president.gov.ua/news/cinuyemo-kozhne-zhittya-pamyatayemo-istoriyu-i-razom-zahisha-84229,church_actors,конфесія,конфесій,Були представники всіх конфесій та релігійних спільнот …,Молебень .,У луцькому костелі .,yes,no,none,none,none,none,high,,,,,,
2745,450b39452fe6,"Потрібно, щоб кошти від активів агресора працювали на реальну допомогу захисту від агресора – звернення Президента",2024-08-21,https://www.president.gov.ua/news/potribno-shob-koshti-vid-aktiviv-agresora-pracyuvali-na-real-92733,ontological_security,духовний,духовної,Поінформував щодо ухваленого закону на посилення нашої духовної незалежності .,"Я подякував йому за підтримку України та українців , нашого захисту , нашої незалежності .","Дуже важливо , що ми маємо спільне розуміння того об’єднавчого потенціалу для українського православ’я , який дає цей ухвалений закон , і все для цього передбачено цілком достатньо , щоб справді позбутися залежності від Москви й додати єдності Україні .",yes,yes,ontological,nation,Moscow_Patriarchate,ban,high,Informed Patriarch Bartholomew about adopted law strengthening spiritual independence.,,,,,
2941,49293ef4ff5e,За цей тиждень ми додали Україні нових домовленостей щодо зброї – звернення Президента,2024-10-12,https://www.president.gov.ua/news/za-cej-tizhden-mi-dodali-ukrayini-novih-domovlenostej-shodo-93817,church_actors,церква,церков,"Дуже важливо , щоб більше представників церков і релігійних спільнот , усі , хто працює на духовну незалежність України , долучались до військової служби Україні , були ближче до хлопців на передовій – передусім у бойових бригадах , саме там , де найбільш потрібно .","Духовні отці з різних конфесій , які служать , щоб наші воїни мали духовну підтримку та правильну пораду , світлу надію .","Я дякую кожному військовому капелану , який служить саме так – з нашими українськими воїнами .",yes,yes,ontological,nation,Russia,none,medium,"Those working for spiritual independence of Ukraine should join military service, be closer to soldiers on the front. Links spiritual independence to military effort.",,,,,
4864,72c6ae74b540,Ми гарантуємо Україні духовну незалежність – звернення Президента Володимира Зеленського,2022-12-01,https://www.president.gov.ua/news/mi-garantuyemo-ukrayini-duhovnu-nezalezhnist-zvernennya-prez-79577,church_actors,релігійний,релігійними,"Забезпечити перевірку наявності правових підстав та дотримання умов користування релігійними організаціями майном , яке перебуває на території Національного Києво - Печерського історико - культурного заповідника .",Третє .,Четверте .,yes,yes,material,state,UOC-MP,property_transfer,high,Verification of legal grounds for religious orgs' use of property at Kyiv-Pechersk Lavra. Implies potential property transfer.,,,,,
2942,49293ef4ff5e,За цей тиждень ми додали Україні нових домовленостей щодо зброї – звернення Президента,2024-10-12,https://www.president.gov.ua/news/za-cej-tizhden-mi-dodali-ukrayini-novih-domovlenostej-shodo-93817,church_actors,релігійний,релігійних,"Дуже важливо , щоб більше представників церков і релігійних спільнот , усі , хто працює на духовну незалежність України , долучались до військової служби Україні , були ближче до хлопців на передовій – передусім у бойових бригадах , саме там , де найбільш потрібно .","Духовні отці з різних конфесій , які служать , щоб наші воїни мали духовну підтримку та правильну пораду , світлу надію .","Я дякую кожному військовому капелану , який служить саме так – з нашими українськими воїнами .",yes,yes,ontological,nation,Russia,none,medium,"Those working for spiritual independence of Ukraine should join military service, be closer to soldiers on the front. Links spiritual independence to military effort.",,,,,
1467,28b3c4147d17,"Офіційно визнано: Україна – це майбутній рівний партнер для 27 країн ЄС – звернення Президента, Голови Верховної Ради та Прем’єр-міністра",2022-06-24,https://www.president.gov.ua/news/oficijno-viznano-ukrayina-ce-majbutnij-rivnij-partner-dlya-2-76029,church_actors,конфесія,конфесій,На нашій землі в мирі та злагоді жили й живуть сотні національних спільнот і представники всіх релігійних конфесій .,Століттями наш народ відданий принципам толерантності й поваги .,Сьогодні Україна воює за свою свободу .,yes,no,none,none,none,none,high,,,,,,
5887,889d490f1d4a,Привітання Президента України Володимира Зеленського з Різдвом Христовим,2023-12-24,https://www.president.gov.ua/news/privitannya-prezidenta-ukrayini-volodimira-zelenskogo-z-rizd-87981,ontological_security,духовний незалежність,духовної незалежності,"Шлях до здобуття всеосяжної незалежності , зокрема й духовної незалежності .","У непрості часи , коли захищаємо свою землю й свою душу , долаємо шлях до свободи .",Свободи нашої віри від ідеології рабства .,yes,yes,ontological,nation,Moscow_Patriarchate,none,high,"Path to achieving comprehensive independence, including spiritual independence. Christmas message frames spiritual independence as ongoing project.",,,,,
7208,a92886099546,"Дуже важливо, що попри весь тиск на наші сили лінія фронту не зазнала змін – звернення Президента України",2023-02-21,https://www.president.gov.ua/news/duzhe-vazhlivo-sho-popri-ves-tisk-na-nashi-sili-liniya-front-81153,material_security,ворог,ворога,Тримаємо повну увагу до кожної деталі нашого плану оборони та амбіцій ворога .,Інші представники уряду .,Була й доповідь Прем’єр - міністра України Дениса Шмигаля щодо ситуації в енергетиці та процесу відновлення нашої енергосистеми після російських ударів .,yes,no,none,none,none,none,high,,,,,,
2435,3f565fb749e7,"Україна має реалізувати свій історичний шанс на розвиток, здобутий сміливістю наших людей – звернення Президента Володимира Зеленського",2023-08-10,https://www.president.gov.ua/news/ukrayina-maye-realizuvati-svij-istorichnij-shans-na-rozvitok-84817,church_actors,церква,церков,"Українці змогли побудувати особливий формат релігійних відносин у своєму домі : у нашій країні діє Рада церков і релігійних організацій , яка гарантує , що всі спільноти поважаються , усі спільноти можуть донести свою думку державі , усі спільноти можуть брати участь у вирішенні суспільно важливих питань .",Так і буде надалі .,"Держава ніколи не допустить , щоб будь-яку з українських релігійних спільнот могла використовувати держава - агресор .",yes,no,none,none,none,none,high,,,,,,
6408,966acfa2bfee,Змістовні переговори про мир і безпеку для України – єдиний шанс для Росії зменшити шкоду від власних помилок – звернення Президента Володимира Зеленського,2022-03-19,https://www.president.gov.ua/news/zmistovni-peregovori-pro-mir-i-bezpeku-dlya-ukrayini-yedinij-73661,material_security,ворог,ворога,"За мужність , за ефективні дії з відбиття атак ворога , за захист міста - героя Маріуполя .","Та майору Прокопенку Денису Геннадійовичу , командиру окремого загону спецпризначення « Азов » .",Слава усім нашим героям !,yes,no,none,none,none,none,high,,,,,,
4428,68e5fe347a9e,"Дуже важливо, що у Києво-Печерській лаврі сьогодні прозвучала і ще звучатиме щира молитва за Україну – звернення Президента Володимира Зеленського",2023-01-07,https://www.president.gov.ua/news/duzhe-vazhlivo-sho-u-kiyevo-pecherskij-lavri-sogodni-prozvuc-80277,ontological_security,духовний незалежність,духовної незалежності,"Ще раз вітаю з Різдвом Христовим усіх , хто святкує сьогодні , у цей день , який уже став історичним для України , для духовної незалежності нашого народу .","Бажаю здоровʼя , шановні українці !","Я був радий сьогодні бачити , скільки людей , скільки наших воїнів прийшли на службу Божу у храм Києво - Печерської лаври – у те святе місце , яке є одним із витоків української культурної традиції .",yes,yes,ontological,nation,Moscow_Patriarchate,none,high,Christmas at Lavra framed as historic day for Ukraine's spiritual independence. OCU service at formerly UOC-MP-held site.,,,,,
9889,efbad3182c3d,"Цінуємо кожне життя, пам’ятаємо історію і разом захищаємо свободу – звернення Президента України",2023-07-09,https://www.president.gov.ua/news/cinuyemo-kozhne-zhittya-pamyatayemo-istoriyu-i-razom-zahisha-84229,church_actors,релігійний,релігійних,Були представники всіх конфесій та релігійних спільнот …,Молебень .,У луцькому костелі .,yes,no,none,none,none,none,high,,,,,,
2560,412c228275a0,"Сьогодні день, коли світ починає наближати справедливий мир – виступ Президента України на першому пленарному засіданні Глобального саміту миру",2024-06-15,https://www.president.gov.ua/news/sogodni-den-koli-svit-pochinaye-nablizhati-spravedlivij-mir-91561,material_security,безпека,безпеки,"Перше – довести , що повернення безпеки справді можливе .",Що конкретно може дати цей Саміт ?,Кроки ми опрацюємо з вами .,yes,no,none,none,none,none,high,,,,,,
6272,92c1898797ce,Маємо максимально завдавати ураження всім російським позиціям і робимо це – звернення Президента,2024-08-16,https://www.president.gov.ua/news/mayemo-maksimalno-zavdavati-urazhennya-vsim-rosijskim-pozici-92637,ontological_security,духовний,духовну,І вдячний за підтримку нашого курсу на духовну незалежність України .,Говорив із членами Ради церков та релігійних організацій .,"Верховній Раді запропоновано законопроєкт , який може реально гарантувати , що не буде жодних маніпуляцій із Москви українською церквою .",yes,yes,ontological,nation,Moscow_Patriarchate,none,high,Grateful for support of 'our course toward spiritual independence of Ukraine'. Council of Churches endorsement.,,,,,
4875,72c6ae74b540,Ми гарантуємо Україні духовну незалежність – звернення Президента Володимира Зеленського,2022-12-01,https://www.president.gov.ua/news/mi-garantuyemo-ukrayini-duhovnu-nezalezhnist-zvernennya-prez-79577,church_actors,московський патріархат,Московським патріархатом,Державній службі з етнополітики та свободи совісті – забезпечити проведення релігієзнавчої експертизи Статуту про управління УПЦ на наявність церковно - канонічного зв’язку з Московським патріархатом і за необхідності – вжити передбачених законом заходів .,Друге .,Третє .,yes,yes,material,state,UOC-MP,other,high,State religious affairs service instructed to examine UOC statute for canonical links to Moscow Patriarchate.,,,,,
1132,1cab7f32ecd4,"Ми маємо не допустити, щоб хтось у світі засумнівався у стійкості всієї України – Щорічне Послання Президента до Верховної Ради",2024-11-19,https://www.president.gov.ua/news/mi-mayemo-ne-dopustiti-shob-htos-u-sviti-zasumnivavsya-u-sti-94497,church_actors,релігійний,релігійних,Наша політика щодо церкви та релігійних організацій .,"Україні потрібна спеціальна політика дитинства – конкретні заходи , які допомагають батьківству в Україні , підтримують сім’ї та сімейне виховання , дають дитині змогу рости в безпечному та сучасному соціальному середовищі .","За умови збереження світського характеру державних інституцій ми маємо й можемо розвивати партнерство між державою та церквою , між державою та релігійними спільнотами .",yes,yes,ontological,nation,Moscow_Patriarchate,none,medium,Announces church policy section of Annual Address. Opening frame for the church-state securitisation narrative.,,,,,
1082,1cab7f32ecd4,"Ми маємо не допустити, щоб хтось у світі засумнівався у стійкості всієї України – Щорічне Послання Президента до Верховної Ради",2024-11-19,https://www.president.gov.ua/news/mi-mayemo-ne-dopustiti-shob-htos-u-sviti-zasumnivavsya-u-sti-94497,decolonisation,незалежність,незалежності,Ми досягли найбільшого рівня близькості із Європейським Союзом і НАТО за весь час незалежності .,"Мир потребує зусиль , і це мають бути зусилля саме на основі єдності .",Вже сформовано всю необхідну архітектуру для перемовного процесу із Європейським Союзом .,yes,no,none,none,none,none,high,,,,,,
1140,1cab7f32ecd4,"Ми маємо не допустити, щоб хтось у світі засумнівався у стійкості всієї України – Щорічне Послання Президента до Верховної Ради",2024-11-19,https://www.president.gov.ua/news/mi-mayemo-ne-dopustiti-shob-htos-u-sviti-zasumnivavsya-u-sti-94497,church_actors,церква,церкву,"Звичайно , не йдеться про московську церкву .","В межах саме цього діалогу можемо визначати , які моделі більшої співпраці здатні зміцнити нашу державу та всіх наших людей , нашу духовну незалежність , нашу соціальну роботу в Українській державі .","Час тих , хто освячує терор , закінчився .",yes,yes,both,state,UOC-MP,ban,high,"'Of course, this does not concern the Moscow church.' Explicit exclusion of Moscow-affiliated church from state-church partnership. Key securitising statement.",,,,,
4876,72c6ae74b540,Ми гарантуємо Україні духовну незалежність – звернення Президента Володимира Зеленського,2022-12-01,https://www.president.gov.ua/news/mi-garantuyemo-ukrayini-duhovnu-nezalezhnist-zvernennya-prez-79577,material_security,національний безпека,національної безпеки,"Всім органам , до компетенції яких належить питання у сфері забезпечення національної безпеки , активізувати заходи з виявлення та протидії підривній діяльності російських спецслужб у релігійному середовищі України .",Четверте .,І застосувати персональні санкції – прізвища будуть оприлюднені невдовзі .,yes,yes,material,state,Russia,sanctions,high,National security organs to counter subversive activity of Russian special services in Ukrainian religious environment. Followed by personal sanctions.,,,,,
4859,72c6ae74b540,Ми гарантуємо Україні духовну незалежність – звернення Президента Володимира Зеленського,2022-12-01,https://www.president.gov.ua/news/mi-garantuyemo-ukrayini-duhovnu-nezalezhnist-zvernennya-prez-79577,ontological_security,духовний,духовну,"Забезпечимо , зокрема , духовну незалежність .",Ми вже вибороли це й забезпечимо для нашої держави всю повноту незалежності .,Ми ніколи й нікому не дозволимо будувати імперію всередині української душі .,yes,yes,ontological,nation,Moscow_Patriarchate,none,high,Declarative framing: Ukraine will guarantee spiritual independence. Implies Moscow Patriarchate connection threatens spiritual sovereignty.,,,,,
8847,d20b129022a4,"Стратегія захисту для кожної цивілізованої держави – тиснути на Росію, щоб відновити мир – звернення Президента України",2022-04-09,https://www.president.gov.ua/news/strategiya-zahistu-dlya-kozhnoyi-civilizovanoyi-derzhavi-tis-74225,material_security,безпека,безпеки,"Третя – конкретні гарантії безпеки для нашої держави , яка точно переможе в цьому протистоянні .",Друга – конкретна допомога нашим людям .,"Звісно , не від усіх я чую конкретні відповіді на свої конкретні запитання .",yes,no,none,none,none,none,high,,,,,,
281,059af37e0463,Повернення українського прапора в Крим означатиме відродження справжнього миру – виступ Президента на першому парламентському саміті Кримської платформи,2022-10-25,https://www.president.gov.ua/news/povernennya-ukrayinskogo-prapora-v-krim-oznachatime-vidrodzh-78697,decolonisation,окупант,окупантами,А ще – постійне свідоме знищення окупантами природи Криму .,А ще – постійна російська мілітаризація Криму .,А ще – тотальна відсутність гарантій права власності в Криму й грабунок Криму в інтересах загарбників .,yes,no,none,none,none,none,high,,,,,,
2975,4aaca8be34af,Обговорили з партнерами роботу щодо ППО – нових систем для України; готуємо посилення – звернення Президента,2024-08-20,https://www.president.gov.ua/news/obgovorili-z-partnerami-robotu-shodo-ppo-novih-sistem-dlya-u-92713,church_actors,церква,церков,"Це те , про що ми говорили з членами Ради церков і релігійних організацій .",Ухвалено закон щодо нашої духовної незалежності .,І днями я буду говорити також з представниками Вселенського патріарха Варфоломія .,yes,no,none,none,none,none,high,,,,,,
3201,4ed7fa57bad1,Розв'язана Росією війна проти України впливає на глобальну ситуацію – звернення Президента України до співтовариства Foreign Policy Community of Indonesia (FPC),2022-05-27,https://www.president.gov.ua/news/rozvyazana-rosiyeyu-vijna-proti-ukrayini-vplivaye-na-globaln-75401,material_security,безпека,безпеку,"І як після цього надійно гарантувати довгострокову безпеку тим регіонам , які обирають для себе без'ядерний статус ?",Хто ж після цього може повірити в ідею ядерного роззброєння ?,"Ще півроку пів року тому навіть уявити було неможливо , що такі питання постануть .",yes,no,none,none,none,none,high,,,,,,
8003,bbe72d41a03f,"Зараз час, коли всі історичні складнощі для України можемо перемогти, якщо будемо берегти нашу єдність – звернення Президента України",2023-03-12,https://www.president.gov.ua/news/zaraz-chas-koli-vsi-istorichni-skladnoshi-dlya-ukrayini-mozh-81581,church_actors,лавра,лаври,"Ми не допустимо , щоб у держави - терориста залишилась хоча б якась можливість маніпулювати духовністю нашого народу , руйнувати українські святині – наші лаври – або красти з них будь-які цінності .",І ми продовжимо цей наш рух .,І ще одне .,yes,yes,both,church_independence,Russia,property_transfer,high,"Will not allow terrorist state to manipulate people's spirituality, destroy Ukrainian shrines - our lavras - or steal valuables. Combines ontological (spiritual manipulation) and material (property) securitisation.",,,,,
1552,2b4bb62ba53a,Українці вистояли й надихнули весь світ своєю рішучістю – звернення Президента Володимира Зеленського,2022-03-09,https://www.president.gov.ua/news/ukrayinci-vistoyali-j-nadihnuli-ves-svit-svoyeyu-rishuchisty-73457,material_security,оборона,оборони,"Вже 14-й день нашої оборони , нашого захисту .",Хоробрі українці нескореної країни !,14-й день нашого єднання .,yes,no,none,none,none,none,high,,,,,,
4862,72c6ae74b540,Ми гарантуємо Україні духовну незалежність – звернення Президента Володимира Зеленського,2022-12-01,https://www.president.gov.ua/news/mi-garantuyemo-ukrayini-duhovnu-nezalezhnist-zvernennya-prez-79577,church_actors,релігійний,релігійних,РНБО доручила уряду внести на розгляд Верховної Ради законопроект щодо унеможливлення діяльності в Україні афілійованих із центрами впливу в Російській Федерації релігійних організацій .,"Отже , перше .",Друге .,yes,yes,both,state,UOC-MP,ban,high,NSDC instructs government to submit bill prohibiting activity of religious orgs affiliated with Russian centres of influence. Classic extraordinary measure.,,,,,
2807,4622f81c7ed4,Нам в Україні потрібно говорити в один голос зі світом щодо постачання для оборони та посилювати тиск на Росію – звернення Президента Володимира Зеленського,2023-02-02,https://www.president.gov.ua/news/nam-v-ukrayini-potribno-govoriti-v-odin-golos-zi-svitom-shod-80753,decolonisation,окупант,окупанта,Ми не залишимо без нашої відповіді жодну агресивну дію окупанта .,Для особливо вагомої розмови .,"Ворог у специфічній стадії , коли стратегічно програш Росії вже зрозумілий .",yes,no,none,none,none,none,high,,,,,,
2973,4aaca8be34af,Обговорили з партнерами роботу щодо ППО – нових систем для України; готуємо посилення – звернення Президента,2024-08-20,https://www.president.gov.ua/news/obgovorili-z-partnerami-robotu-shodo-ppo-novih-sistem-dlya-u-92713,ontological_security,духовний,духовної,Ухвалено закон щодо нашої духовної незалежності .,Хочу сьогодні відзначити роботу Верховної Ради України .,"Це те , про що ми говорили з членами Ради церков і релігійних організацій .",yes,yes,ontological,nation,Moscow_Patriarchate,ban,high,Law on spiritual independence adopted. The culmination of the legislative securitisation process - Law 3894-IX banning Russia-affiliated religious orgs.,,,,,
4421,68e5fe347a9e,"Дуже важливо, що у Києво-Печерській лаврі сьогодні прозвучала і ще звучатиме щира молитва за Україну – звернення Президента Володимира Зеленського",2023-01-07,https://www.president.gov.ua/news/duzhe-vazhlivo-sho-u-kiyevo-pecherskij-lavri-sogodni-prozvuc-80277,decolonisation,незалежність,незалежність,Українська незалежність має бути міцною в усіх її елементах .,І що ніхто більше не буде робити українське чужим у лаврі .,І буде такою .,yes,no,none,none,none,none,high,,,,,,
6977,a5510c169a12,"Україну стільки разів хотіли знищити, але не змогли – звернення Президента Володимира Зеленського",2022-03-03,https://www.president.gov.ua/news/ukrayinu-stilki-raziv-hotili-znishiti-ale-ne-zmogli-zvernenn-73297,material_security,ворог,ворога,На жодному зі стратегічних напрямків у ворога немає успіху .,Усі лінії нашої оборони збережені .,Вони пригнічені .,yes,no,none,none,none,none,high,,,,,,
1144,1cab7f32ecd4,"Ми маємо не допустити, щоб хтось у світі засумнівався у стійкості всієї України – Щорічне Послання Президента до Верховної Ради",2024-11-19,https://www.president.gov.ua/news/mi-mayemo-ne-dopustiti-shob-htos-u-sviti-zasumnivavsya-u-sti-94497,ontological_security,духовний незалежність,духовну незалежність,"В межах саме цього діалогу можемо визначати , які моделі більшої співпраці здатні зміцнити нашу державу та всіх наших людей , нашу духовну незалежність , нашу соціальну роботу в Українській державі .","В Україні є глобально важливий інституційний приклад такої співпраці – Рада церков і релігійних організацій , і на базі цієї інституції сформовано вже діалог між державою та всіма релігійними спільнотами України .","Звичайно , не йдеться про московську церкву .",yes,yes,ontological,nation,Moscow_Patriarchate,none,high,"Through dialogue with Council of Churches, determining models to strengthen spiritual independence.",,,,,
2432,3f565fb749e7,"Україна має реалізувати свій історичний шанс на розвиток, здобутий сміливістю наших людей – звернення Президента Володимира Зеленського",2023-08-10,https://www.president.gov.ua/news/ukrayina-maye-realizuvati-svij-istorichnij-shans-na-rozvitok-84817,decolonisation,незалежність,незалежності,"Звичайно , як і завжди , говорили про посилення духовної незалежності України та про духовний мир в Україні .",Вдячний Вселенському Патріархату за готовність допомагати .,Наша країна – один з історичних центрів християнства .,yes,no,none,none,none,none,high,,,,,,
6525,9a781542268c,Європі потрібна швидкість в ухваленні рішень і чіткі інструменти для захисту від непотрібних блокувань – виступ Президента на засіданні Євроради,2025-03-20,https://www.president.gov.ua/news/yevropi-potribna-shvidkist-v-uhvalenni-rishen-i-chitki-instr-96761,decolonisation,незалежність,незалежність,"Європі потрібна технологічна незалежність , зокрема й у виробництві зброї .","Інвестиції у виробництво зброї потрібні як в Україні , так і у ваших країнах .","Все необхідне для захисту континенту має вироблятися тут , у Європі .",yes,no,none,none,none,none,high,,,,,,
8705,cdd59d665b91,Привітання Президента України з Великоднем,2025-04-20,https://www.president.gov.ua/news/privitannya-prezidenta-ukrayini-z-velikodnem-97285,church_actors,конфесія,конфесій,"Щодня й особливо сьогодні , коли українці всіх християнських конфесій відзначають Великдень в одну дату .",Ми єдині в цьому .,Разом .,yes,no,none,none,none,none,high,,,,,,
4865,72c6ae74b540,Ми гарантуємо Україні духовну незалежність – звернення Президента Володимира Зеленського,2022-12-01,https://www.president.gov.ua/news/mi-garantuyemo-ukrayini-duhovnu-nezalezhnist-zvernennya-prez-79577,material_security,безпека,безпеки,"Всім органам , до компетенції яких належить питання у сфері забезпечення національної безпеки , активізувати заходи з виявлення та протидії підривній діяльності російських спецслужб у релігійному середовищі України .",Четверте .,І застосувати персональні санкції – прізвища будуть оприлюднені невдовзі .,yes,yes,material,state,Russia,sanctions,high,National security organs to counter subversive activity of Russian special services in Ukrainian religious environment. Followed by personal sanctions.,,,,,
7069,a750da14442e,"Російські війська знищують усе, що робить нас народом, але за це на них чекає відповідальність – звернення Президента Володимира Зеленського",2022-03-26,https://www.president.gov.ua/news/rosijski-vijska-znishuyut-use-sho-robit-nas-narodom-ale-za-c-73873,material_security,безпека,Безпеки,Безпеки наших держав .,І про необхідність посилення нашої спільної безпеки .,Безпеки насправді для всіх європейців .,yes,no,none,none,none,none,high,,,,,,
4423,68e5fe347a9e,"Дуже важливо, що у Києво-Печерській лаврі сьогодні прозвучала і ще звучатиме щира молитва за Україну – звернення Президента Володимира Зеленського",2023-01-07,https://www.president.gov.ua/news/duzhe-vazhlivo-sho-u-kiyevo-pecherskij-lavri-sogodni-prozvuc-80277,material_security,санкція,санкцій,Сьогодні є перший такий санкційний список – будуть наступні рішення щодо санкцій проти таких осіб .,"По -друге , є проміжний підсумок у роботі щодо багатьох громадян Росії та повʼязаних з нею осіб , які виправдовують війну , допомагають її вести чи оспівують державу - терориста .","Усі , чий голос звучить в унісон із гуркотом російської артилерії , будуть ізольовані від цивілізованого світу .",yes,yes,material,state,UOC-MP,sanctions,medium,"First sanctions list announced - likely targeting UOC-MP-affiliated individuals, though specifics not named in this sentence.",,,,,
5434,7fa17a24c64c,Звернення Президента до учасників саміту Міжнародної коаліції за повернення українських дітей на рівні лідерів,2025-09-23,https://www.president.gov.ua/news/zvernennya-prezidenta-do-uchasnikiv-samitu-mizhnarodnoyi-koa-100285,ontological_security,ідентичність,ідентичності,"Усе це відомо – табори , де викрадених дітей навчають ненависті , установи , причетні до цього , навіть структури російської державної церкви , які використовуються для знищення української ідентичності дітей .","І я закликаю вас : у кожному пакеті санкцій посилюйте тиск на російських політиків , чиновників , суддів , пропагандистів та інших осіб , причетних до викрадення дітей і спроб « перепрограмувати » їхню свідомість .","І кожен , хто не заплющує очі та діє у відповідь , захищає людство .",yes,yes,ontological,identity,Russia,none,high,Russian state church structures used to destroy Ukrainian identity of deported children. Links church structures to identity destruction.,,,,,
5740,8459a7bbdd89,Покарати Росію за терор – це історичне завдання сучасного покоління лідерів світу – звернення  Президента України,2023-07-18,https://www.president.gov.ua/news/pokarati-rosiyu-za-teror-ce-istorichne-zavdannya-suchasnogo-84409,church_actors,релігійний,релігійних,"Я провів сьогодні важливу нараду щодо духовної незалежності України , наших подальших кроків для захисту прав і законних інтересів громадян України у сфері релігійних відносин .","Світ повинен настільки обмежити торговельні відносини з державою - терористом , щоб жодного компонента з вільного світу не можна було використати для терору .",Невдовзі будуть новини .,yes,yes,ontological,nation,Russia,other,high,"Meeting on spiritual independence of Ukraine, further steps to protect rights and legitimate interests of citizens in religious relations.",,,,,
2945,49293ef4ff5e,За цей тиждень ми додали Україні нових домовленостей щодо зброї – звернення Президента,2024-10-12,https://www.president.gov.ua/news/za-cej-tizhden-mi-dodali-ukrayini-novih-domovlenostej-shodo-93817,ontological_security,духовний незалежність,духовну незалежність,"Дуже важливо , щоб більше представників церков і релігійних спільнот , усі , хто працює на духовну незалежність України , долучались до військової служби Україні , були ближче до хлопців на передовій – передусім у бойових бригадах , саме там , де найбільш потрібно .","Духовні отці з різних конфесій , які служать , щоб наші воїни мали духовну підтримку та правильну пораду , світлу надію .","Я дякую кожному військовому капелану , який служить саме так – з нашими українськими воїнами .",yes,yes,ontological,nation,Russia,none,medium,"Those working for spiritual independence of Ukraine should join military service, be closer to soldiers on the front. Links spiritual independence to military effort.",,,,,
6399,966acfa2bfee,Змістовні переговори про мир і безпеку для України – єдиний шанс для Росії зменшити шкоду від власних помилок – звернення Президента Володимира Зеленського,2022-03-19,https://www.president.gov.ua/news/zmistovni-peregovori-pro-mir-i-bezpeku-dlya-ukrayini-yedinij-73661,material_security,оборона,оборони,"Вантажі для нашої оборони , для наших людей будуть завозитися в Україну настільки легко , наскільки це дозволяють закони фізики .",Протягом дня урядовці опрацювали рішення для повного перезавантаження митниці .,"Прибираємо абсолютно всю бюрократію , всі папірці , а також ПДВ , мито , всі митні платежі .",yes,no,none,none,none,none,high,,,,,,
1083,1cab7f32ecd4,"Ми маємо не допустити, щоб хтось у світі засумнівався у стійкості всієї України – Щорічне Послання Президента до Верховної Ради",2024-11-19,https://www.president.gov.ua/news/mi-mayemo-ne-dopustiti-shob-htos-u-sviti-zasumnivavsya-u-sti-94497,urgency,негайний,негайне,План перемоги України починається з пункту про негайне запрошення нашої держави в Альянс .,Життєво важливим для всіх нас є й право України на членство в НАТО .,Запрошення – це політичний крок .,yes,no,none,none,none,none,high,,,,,,
8002,bbe72d41a03f,"Зараз час, коли всі історичні складнощі для України можемо перемогти, якщо будемо берегти нашу єдність – звернення Президента України",2023-03-12,https://www.president.gov.ua/news/zaraz-chas-koli-vsi-istorichni-skladnoshi-dlya-ukrayini-mozh-81581,decolonisation,незалежність,незалежності,Є цього тижня рух і на зміцнення нашої духовної незалежності .,"Разом , у єдності ми прийдемо до перемоги .",Суспільство це бачить .,yes,yes,ontological,nation,Russia,none,high,Progress on strengthening spiritual independence. Ongoing securitisation narrative.,,,,,
4866,72c6ae74b540,Ми гарантуємо Україні духовну незалежність – звернення Президента Володимира Зеленського,2022-12-01,https://www.president.gov.ua/news/mi-garantuyemo-ukrayini-duhovnu-nezalezhnist-zvernennya-prez-79577,material_security,спецслужба,спецслужб,"Всім органам , до компетенції яких належить питання у сфері забезпечення національної безпеки , активізувати заходи з виявлення та протидії підривній діяльності російських спецслужб у релігійному середовищі України .",Четверте .,І застосувати персональні санкції – прізвища будуть оприлюднені невдовзі .,yes,yes,material,state,Russia,sanctions,high,National security organs to counter subversive activity of Russian special services in Ukrainian religious environment. Followed by personal sanctions.,,,,,
5742,8459a7bbdd89,Покарати Росію за терор – це історичне завдання сучасного покоління лідерів світу – звернення  Президента України,2023-07-18,https://www.president.gov.ua/news/pokarati-rosiyu-za-teror-ce-istorichne-zavdannya-suchasnogo-84409,ontological_security,духовний незалежність,духовної незалежності,"Я провів сьогодні важливу нараду щодо духовної незалежності України , наших подальших кроків для захисту прав і законних інтересів громадян України у сфері релігійних відносин .","Світ повинен настільки обмежити торговельні відносини з державою - терористом , щоб жодного компонента з вільного світу не можна було використати для терору .",Невдовзі будуть новини .,yes,yes,ontological,nation,Russia,other,high,"Meeting on spiritual independence of Ukraine, further steps to protect rights and legitimate interests of citizens in religious relations.",,,,,
2436,3f565fb749e7,"Україна має реалізувати свій історичний шанс на розвиток, здобутий сміливістю наших людей – звернення Президента Володимира Зеленського",2023-08-10,https://www.president.gov.ua/news/ukrayina-maye-realizuvati-svij-istorichnij-shans-na-rozvitok-84817,church_actors,релігійний,релігійних,"Держава ніколи не допустить , щоб будь-яку з українських релігійних спільнот могла використовувати держава - агресор .","Українці змогли побудувати особливий формат релігійних відносин у своєму домі : у нашій країні діє Рада церков і релігійних організацій , яка гарантує , що всі спільноти поважаються , усі спільноти можуть донести свою думку державі , усі спільноти можуть брати участь у вирішенні суспільно важливих питань .","Україна вистоїть , збереже незалежність – усі аспекти незалежності , зокрема і духовну .",yes,yes,material,state,Russia,ban,high,State will never allow aggressor state to use any Ukrainian religious community. Clear securitising statement with implicit extraordinary measure.,,,,,
4595,6c18145a3cf2,"Держава робить усе, щоб допомогти Маріуполю – звернення Президента Володимира Зеленського",2022-03-11,https://www.president.gov.ua/news/derzhava-robit-use-shob-dopomogti-mariupolyu-zvernennya-prez-73485,material_security,ворог,ворога,Завдяки його героїчним діям вдалося зупинити наступ ворога в Луганській області .,Сержант Мороз Олег Романович .,Матрос Самофалов Валерій Михайлович .,yes,no,none,none,none,none,high,,,,,,
4597,6c18145a3cf2,"Держава робить усе, щоб допомогти Маріуполю – звернення Президента Володимира Зеленського",2022-03-11,https://www.president.gov.ua/news/derzhava-robit-use-shob-dopomogti-mariupolyu-zvernennya-prez-73485,urgency,надзвичайний,надзвичайних,"Також я підписав указ про нагородження орденами за особисту мужність 39 нацгвардійців , 31 поліцейського ( дев'ятьох посмертно ) , 14 прикордонників ( чотирьох посмертно ) , 23 працівників Державної служби з надзвичайних ситуацій .",В одному бою вперше в історії цієї війни збив одразу три гвинтокрили ворога .,Сьогодні ж звання бригадного генерала присвоєно :,yes,no,none,none,none,none,high,,,,,,
2431,3f565fb749e7,"Україна має реалізувати свій історичний шанс на розвиток, здобутий сміливістю наших людей – звернення Президента Володимира Зеленського",2023-08-10,https://www.president.gov.ua/news/ukrayina-maye-realizuvati-svij-istorichnij-shans-na-rozvitok-84817,ontological_security,духовний,духовної,"Звичайно , як і завжди , говорили про посилення духовної незалежності України та про духовний мир в Україні .",Вдячний Вселенському Патріархату за готовність допомагати .,Наша країна – один з історичних центрів християнства .,yes,yes,ontological,nation,Moscow_Patriarchate,none,high,Discussion with Ecumenical Patriarchate representative about strengthening Ukraine's spiritual independence.,,,,,
4868,72c6ae74b540,Ми гарантуємо Україні духовну незалежність – звернення Президента Володимира Зеленського,2022-12-01,https://www.president.gov.ua/news/mi-garantuyemo-ukrayini-duhovnu-nezalezhnist-zvernennya-prez-79577,material_security,санкція,санкції,І застосувати персональні санкції – прізвища будуть оприлюднені невдовзі .,"Всім органам , до компетенції яких належить питання у сфері забезпечення національної безпеки , активізувати заходи з виявлення та протидії підривній діяльності російських спецслужб у релігійному середовищі України .",І пʼяте .,yes,yes,material,state,UOC-MP,sanctions,high,Personal sanctions against individuals - names to be published. Extraordinary measure targeting specific church-affiliated persons.,,,,,
165,035811544b15,Звернення Президента Володимира Зеленського до учасників American Jewish Committee Global Forum,2022-06-13,https://www.president.gov.ua/news/zvernennya-prezidenta-volodimira-zelenskogo-do-uchasnikiv-am-75797,decolonisation,окупант,окупанти,"Російські окупанти вбили частину нашої країни , ми не маємо повної інформації про те , що відбувається в окупованих районах .","І це , мабуть , одна з найстрашніших речей , які відбуваються в час війни .","Ми не знаємо всього про вбивства та інші злочини , які вони скоюють там , на окупованій частині України , що вони зробили з нашими людьми .",yes,no,none,none,none,none,high,,,,,,
4860,72c6ae74b540,Ми гарантуємо Україні духовну незалежність – звернення Президента Володимира Зеленського,2022-12-01,https://www.president.gov.ua/news/mi-garantuyemo-ukrayini-duhovnu-nezalezhnist-zvernennya-prez-79577,decolonisation,незалежність,незалежність,"Забезпечимо , зокрема , духовну незалежність .",Ми вже вибороли це й забезпечимо для нашої держави всю повноту незалежності .,Ми ніколи й нікому не дозволимо будувати імперію всередині української душі .,yes,yes,ontological,nation,Moscow_Patriarchate,none,high,Declarative framing: Ukraine will guarantee spiritual independence. Implies Moscow Patriarchate connection threatens spiritual sovereignty.,,,,,
6092,8e00bd95c521,Промова Президента України в Народних зборах Албанії,2022-05-03,https://www.president.gov.ua/news/promova-prezidenta-ukrayini-v-narodnih-zborah-albaniyi-74745,material_security,безпека,Безпеки,"Особливо зараз , коли ваша держава працює як непостійний член Ради Безпеки ООН .",Я вдячний Албанії за взаємодію на майданчику Організації Обʼєднаних Націй .,Треба зробити принципову річ і припинити використання коштів ООН для спонсорування Росії .,yes,no,none,none,none,none,high,,,,,,
1138,1cab7f32ecd4,"Ми маємо не допустити, щоб хтось у світі засумнівався у стійкості всієї України – Щорічне Послання Президента до Верховної Ради",2024-11-19,https://www.president.gov.ua/news/mi-mayemo-ne-dopustiti-shob-htos-u-sviti-zasumnivavsya-u-sti-94497,ontological_security,духовний,духовну,"В межах саме цього діалогу можемо визначати , які моделі більшої співпраці здатні зміцнити нашу державу та всіх наших людей , нашу духовну незалежність , нашу соціальну роботу в Українській державі .","В Україні є глобально важливий інституційний приклад такої співпраці – Рада церков і релігійних організацій , і на базі цієї інституції сформовано вже діалог між державою та всіма релігійними спільнотами України .","Звичайно , не йдеться про московську церкву .",yes,yes,ontological,nation,Moscow_Patriarchate,none,high,"Through dialogue with Council of Churches, determining models to strengthen spiritual independence.",,,,,
1143,1cab7f32ecd4,"Ми маємо не допустити, щоб хтось у світі засумнівався у стійкості всієї України – Щорічне Послання Президента до Верховної Ради",2024-11-19,https://www.president.gov.ua/news/mi-mayemo-ne-dopustiti-shob-htos-u-sviti-zasumnivavsya-u-sti-94497,ontological_security,духовний незалежність,духовної незалежності,"Трибунал проти Російської Федерації , конфіскація російських активів , дієві санкції проти Росії , стовідсоткове гарантування духовної незалежності України , українська культурна дипломатія , протидія дезінформації та розбудова нормальних державних комунікацій нашої держави , а також необхідна трансформація наших державних інституцій – абсолютно все це неможливо без дієвої співпраці з громадянським суспільством .","Нам потрібна спільна юридична , комунікаційна та адвокаційна робота держави та українських громадських сил .","Державні рішення , всі наші рішення мають бути підготовлені на основі найкращої експертизи , і ми вже напрацювали відповідні формати спільної роботи державних структур і суспільства .",yes,yes,ontological,nation,Moscow_Patriarchate,none,high,"'100% guaranteeing spiritual independence of Ukraine' listed alongside tribunals, asset confiscation, sanctions in national resilience plan.",,,,,
7544,b115e4035989,Звернення Президента України Володимира Зеленського до парламенту Великої Британії,2022-03-08,https://www.president.gov.ua/news/zvernennya-prezidenta-ukrayini-volodimira-zelenskogo-do-parl-73441,material_security,санкція,санкції,Посилюйте санкції проти держави - терориста .,"І я окремо вдячний тобі , Борисе , мій друже !",Визнайте її нарешті державою - терористом .,yes,no,none,none,none,none,high,,,,,,
4419,68e5fe347a9e,"Дуже важливо, що у Києво-Печерській лаврі сьогодні прозвучала і ще звучатиме щира молитва за Україну – звернення Президента Володимира Зеленського",2023-01-07,https://www.president.gov.ua/news/duzhe-vazhlivo-sho-u-kiyevo-pecherskij-lavri-sogodni-prozvuc-80277,decolonisation,незалежність,незалежності,"Ще раз вітаю з Різдвом Христовим усіх , хто святкує сьогодні , у цей день , який уже став історичним для України , для духовної незалежності нашого народу .","Бажаю здоровʼя , шановні українці !","Я був радий сьогодні бачити , скільки людей , скільки наших воїнів прийшли на службу Божу у храм Києво - Печерської лаври – у те святе місце , яке є одним із витоків української культурної традиції .",yes,yes,ontological,nation,Moscow_Patriarchate,none,high,Christmas at Lavra framed as historic day for Ukraine's spiritual independence. OCU service at formerly UOC-MP-held site.,,,,,
8124,c04e99805873,"Ми бачимо, як рішучість світу відкриває нові перспективи для відновлення нашої безпеки – звернення Президента",2024-06-18,https://www.president.gov.ua/news/mi-bachimo-yak-rishuchist-svitu-vidkrivaye-novi-perspektivi-91641,material_security,безпека,безпеки,Серед іншого це стосується безпеки Харкова .,"Ми бачимо , як рішучість світу відкриває нові перспективи для відновлення нашої безпеки .","Знищення поблизу кордону нашими силами , нашими воїнами позицій та пускових установок російських терористів справді має значення .",yes,no,none,none,none,none,high,,,,,,
5738,8459a7bbdd89,Покарати Росію за терор – це історичне завдання сучасного покоління лідерів світу – звернення  Президента України,2023-07-18,https://www.president.gov.ua/news/pokarati-rosiyu-za-teror-ce-istorichne-zavdannya-suchasnogo-84409,ontological_security,духовний,духовної,"Я провів сьогодні важливу нараду щодо духовної незалежності України , наших подальших кроків для захисту прав і законних інтересів громадян України у сфері релігійних відносин .","Світ повинен настільки обмежити торговельні відносини з державою - терористом , щоб жодного компонента з вільного світу не можна було використати для терору .",Невдовзі будуть новини .,yes,yes,ontological,nation,Russia,other,high,"Meeting on spiritual independence of Ukraine, further steps to protect rights and legitimate interests of citizens in religious relations.",,,,,
1087,1cab7f32ecd4,"Ми маємо не допустити, щоб хтось у світі засумнівався у стійкості всієї України – Щорічне Послання Президента до Верховної Ради",2024-11-19,https://www.president.gov.ua/news/mi-mayemo-ne-dopustiti-shob-htos-u-sviti-zasumnivavsya-u-sti-94497,material_security,суверенітет,суверенітетом,"Ми не торгуємо суверенітетом , безпекою чи майбутнім України .","Те , що потрібно було зробити ще вчора , щоб не було цієї війни .",Ми не відмовимося від прав України на всю свою територію .,yes,no,none,none,none,none,high,,,,,,
4426,68e5fe347a9e,"Дуже важливо, що у Києво-Печерській лаврі сьогодні прозвучала і ще звучатиме щира молитва за Україну – звернення Президента Володимира Зеленського",2023-01-07,https://www.president.gov.ua/news/duzhe-vazhlivo-sho-u-kiyevo-pecherskij-lavri-sogodni-prozvuc-80277,material_security,безпека,безпеки,"Укотре підтвердилося : тільки вигнання російських окупантів з української землі та ліквідація будь-яких можливостей Росії тиснути на Україну та всю Європу означатиме відновлення тиші , безпеки й миру .","Але реальність – це російські снаряди , які знову били по Бахмуту та інших українських позиціях .","Заради цього працюємо ми , саме на це спрямована допомога наших партнерів , саме таку мету зараз має весь цивілізований світ .",yes,no,none,none,none,none,high,,,,,,
226,0409a2c6a5fe,"Православний світ побачив, що для Росії Великдень нічого не означає – звернення Президента України",2022-04-25,https://www.president.gov.ua/news/pravoslavnij-svit-pobachiv-sho-dlya-rosiyi-velikden-nichogo-74541,urgency,негайний,негайного,"Про ситуацію в Маріуполі та необхідність евакуації цивільних і поранених , про необхідність негайного обміну заблокованих українських військових .",Провів важливу розмову з Президентом Туреччини Ердоганом .,"Обговорили переговорний процес з Росією , оборонні питання .",yes,no,none,none,none,none,high,,,,,,
224,0409a2c6a5fe,"Православний світ побачив, що для Росії Великдень нічого не означає – звернення Президента України",2022-04-25,https://www.president.gov.ua/news/pravoslavnij-svit-pobachiv-sho-dlya-rosiyi-velikden-nichogo-74541,material_security,безпека,безпеки,"Основна мета для нас усіх – зробити Європу та світ безпечнішим після війни , гарантувати , що архітектура безпеки спрацює у випадку будь-яких нових загроз .","Впевнений , що Сполучені Штати можуть бути лідером серед майбутніх країн – гарантів безпеки України .","Був радий почути від наших друзів підтвердження того , що Посольство Сполучених Штатів знову запрацює в Києві найближчим часом .",yes,no,none,none,none,none,high,,,,,,
9323,e11a1d67dddb,Звернення Президента: українці – символ незламності,2022-03-02,https://www.president.gov.ua/news/zvernennya-prezidenta-ukrayinci-simvol-nezlamnosti-73281,material_security,санкція,санкції,"Нейтральна Швейцарія підтримала санкції Євросоюзу проти російських олігархів , посадовців , проти самої держави та компаній .",Наші дипломати й наші друзі об'єднують світ заради України та миру ще більше .,Ще раз : нейтральна Швейцарія !,yes,no,none,none,none,none,high,,,,,,
